num_layers,num_nodes,batch_size,epochs,segment_length,mean_accuracy,mean_f1
1,416,64,100,1.0,0.9638897160376217,0.9640465621577133
1,416,64,100,1.5,0.9670523017869582,0.9673041472434113
1,416,64,100,2.0,0.9670723181524604,0.9671516239076711
1,416,64,100,2.5,0.9702289142040769,0.9706058140581266
1,416,64,100,3.0,0.9658044988017436,0.9659648063097382
1,416,64,100,0.3,0.960723099126645,0.9610203773137742
1,416,64,100,0.6,0.9607271176116763,0.9608970834212969
1,416,64,100,0.1,0.9488695011059228,0.9487466665038292
