num_layers,num_nodes,batch_size,epochs,n_steps,segment_length,mean_accuracy,mean_f1
2,8,28,10,700,1.0,0.49873216163436984,0.0
2,8,28,10,700,1.5,0.49873216163436984,0.0
2,8,28,10,700,2.0,0.49873216163436984,0.0
2,8,28,10,700,2.5,0.6020157202627354,0.715644345271265
2,8,28,10,700,3.0,0.49873216163436984,0.0
2,8,28,10,700,0.1,0.6444210497626621,0.5756270916574223
2,8,28,10,700,0.3,0.49873216163436984,0.0
2,8,28,10,700,0.6,0.5025176505933604,0.02105263157894737
