None,mean_accuracy,mean_f1
,0.836503233486023,0.8470008149262862
